<?xml version="1.0" encoding="ISO-8859-1"?>
<digester-rules>
	<object-create-rule pattern="root"
		classname="com.code.aon.ui.menu.core.Root" />

	<set-properties-rule pattern="root" />

	<set-properties-rule pattern="root">
		<alias attr-name="ref" prop-name="reference" />
	</set-properties-rule>

	<pattern value="*/menu">
		<object-create-rule classname="com.code.aon.ui.menu.core.Menu" />

		<set-properties-rule />

		<set-properties-rule>
			<alias attr-name="ref" prop-name="reference" />
		</set-properties-rule>
		<set-next-rule methodname="addItem" />
	</pattern>

	<pattern value="*/option">
		<object-create-rule
			classname="com.code.aon.ui.menu.core.Option" />

		<set-properties-rule />
		
		<set-properties-rule>
			<alias attr-name="ref" prop-name="reference" />
		</set-properties-rule>
		<set-next-rule methodname="addItem" />
	</pattern>

	<pattern value="*/actionListener">
		<object-create-rule
			classname="com.code.aon.ui.menu.core.ActionListener" />
		<set-properties-rule>
			<alias attr-name="action" prop-name="action" />
		</set-properties-rule>
		<set-properties-rule>
			<alias attr-name="type" prop-name="type" />
		</set-properties-rule>

		<set-next-rule methodname="addActionListener" />
	</pattern>

</digester-rules>