<!DOCTYPE hibernate-configuration PUBLIC
	"-//Hibernate/Hibernate Configuration DTD 3.0//EN"
	"http://hibernate.sourceforge.net/hibernate-configuration-3.0.dtd">

<hibernate-configuration>

	<session-factory>

		<property name="connection.url">jdbc:mysql://192.168.2.4:3306/aon_gtm?autoReconnect=true</property>		
		<property name="connection.username">dbuser</property>		
		<property name="show_sql">true</property>		
		<property name="dialect">org.hibernate.dialect.MySQLInnoDBDialect</property>
		<property name="connection.driver_class">org.gjt.mm.mysql.Driver</property>		
		<property name="connection.password">serubd2000</property>		

		<!-- Mapping files -->
		<mapping class="com.code.aon.geozone.GeoTree"/>
		<mapping class="com.code.aon.geozone.GeoZone"/>
	</session-factory>

</hibernate-configuration>